{
  "n_points_total": 10868,
  "n_events_total": 1309,
  "per_leadtime": {
    "k1": {
      "lr": {
        "mean_auc": 0.6223022707203157,
        "median_auc": 0.6241260177656698,
        "std_auc": 0.059136837458162395,
        "mean_precision": 0.17984583679670008,
        "mean_recall": 0.584940251557441,
        "mean_f1": 0.27248022979530195,
        "n_sessions_scored": 26
      },
      "rf": {
        "mean_auc": 0.7138250465139452,
        "median_auc": 0.7064576162698837,
        "std_auc": 0.04738415186187577,
        "mean_precision": 0.23761031541424502,
        "mean_recall": 0.3598879263200831,
        "mean_f1": 0.27950372001725826,
        "n_sessions_scored": 26,
        "feature_importance_mean": {
          "phi": 0.19338024094502917,
          "phi_m1": 0.14569234971871853,
          "phi_m2": 0.1377186374577784,
          "dphi": 0.14709806795334485,
          "eps": 0.07881649729599105,
          "deps": 0.0560495737893635,
          "phase_diff": 0.017474959829784018,
          "abs_phase_diff": 0.0160687011819649,
          "time_since_event": 0.09160209138787123,
          "last_event_J": 0.11609888044015432
        }
      },
      "baseline": {
        "mean_auc": 0.566655173790732,
        "median_auc": 0.5738880588927422,
        "std_auc": 0.05524959868178184,
        "mean_precision": 0.13647140042762185,
        "mean_recall": 0.6900314264559222,
        "mean_f1": 0.22751832885539922,
        "n_sessions_scored": 26
      }
    },
    "k2": {
      "lr": {
        "mean_auc": 0.6339569286830338,
        "median_auc": 0.6413243647450921,
        "std_auc": 0.06389842848665504,
        "mean_precision": 0.3045672782886691,
        "mean_recall": 0.5811349957216063,
        "mean_f1": 0.39503158470564687,
        "n_sessions_scored": 26
      },
      "rf": {
        "mean_auc": 0.7376199241146857,
        "median_auc": 0.7389435877477465,
        "std_auc": 0.046969253149605074,
        "mean_precision": 0.3926679200513237,
        "mean_recall": 0.5026994628931021,
        "mean_f1": 0.43305744977709054,
        "n_sessions_scored": 26,
        "feature_importance_mean": {
          "phi": 0.2000992792395282,
          "phi_m1": 0.145585464200836,
          "phi_m2": 0.13282149245067976,
          "dphi": 0.1463820796844795,
          "eps": 0.07698831816779014,
          "deps": 0.05105375711728309,
          "phase_diff": 0.01652610256243988,
          "abs_phase_diff": 0.015335856108619383,
          "time_since_event": 0.09053488100282481,
          "last_event_J": 0.1246727694655192
        }
      },
      "baseline": {
        "mean_auc": 0.5644373241693574,
        "median_auc": 0.5674220249747979,
        "std_auc": 0.05644318438316336,
        "mean_precision": 0.23233081918316273,
        "mean_recall": 0.6807766867057995,
        "mean_f1": 0.3458968543309405,
        "n_sessions_scored": 26
      }
    },
    "k3": {
      "lr": {
        "mean_auc": 0.6440443814321983,
        "median_auc": 0.6422858632718381,
        "std_auc": 0.06766638104827019,
        "mean_precision": 0.40339991975922757,
        "mean_recall": 0.5907536094691341,
        "mean_f1": 0.4739741655967685,
        "n_sessions_scored": 26
      },
      "rf": {
        "mean_auc": 0.7531843697876689,
        "median_auc": 0.7475846148188985,
        "std_auc": 0.04510076692811665,
        "mean_precision": 0.4948741650932012,
        "mean_recall": 0.5857642038719337,
        "mean_f1": 0.5284813778745325,
        "n_sessions_scored": 26,
        "feature_importance_mean": {
          "phi": 0.21181435627125456,
          "phi_m1": 0.14003385487389905,
          "phi_m2": 0.13074295882202372,
          "dphi": 0.14426935626751958,
          "eps": 0.07457768787158914,
          "deps": 0.049606665171120154,
          "phase_diff": 0.015709631168201982,
          "abs_phase_diff": 0.01478572085970513,
          "time_since_event": 0.09079651430580632,
          "last_event_J": 0.12766325438888046
        }
      },
      "baseline": {
        "mean_auc": 0.556728563036043,
        "median_auc": 0.5574376246437959,
        "std_auc": 0.058125501385883606,
        "mean_precision": 0.3066222470628329,
        "mean_recall": 0.6877737522693278,
        "mean_f1": 0.4235342656829184,
        "n_sessions_scored": 26
      }
    }
  },
  "abs_dphi_analysis": {
    "thresholds": {
      "q25": 0.038033371806380806,
      "q50": 0.08848212595484811,
      "q75": 0.17630843262327053
    },
    "lr": {
      "high_quartile_auc": 0.5538965910861908,
      "low_quartile_auc": 0.6816198599840668
    },
    "rf": {
      "high_quartile_auc": 0.6880845458494187,
      "low_quartile_auc": 0.7541556067232716
    }
  }
}